{
  "project_info": {
    "project_number": "476455049496",
    "project_id": "mailpasse",
    "storage_bucket": "mailpasse.appspot.com"
  },
  "client": [
    {
      "client_info": {
        "mobilesdk_app_id": "1:476455049496:android:5633ced1d28ffd5a59a66d",
        "android_client_info": {
          "package_name": "com.janvier.flutteremailpasse"
        }
      },
      "oauth_client": [],
      "api_key": [
        {
          "current_key": "AIzaSyCbPLe122VMQPi9_o0pcuWL_0sg_08TjLA"
        }
      ],
      "services": {
        "appinvite_service": {
          "other_platform_oauth_client": []
        }
      }
    }
  ],
  "configuration_version": "1"
}